2026-03-17_13-25-10,---,draft.go:2026-03-17_13-25-10
2026-03-17_13-25-30,---,draft.go:2026-03-17_13-25-10
2026-03-17_13-27-47,0,draft.go:2026-03-17_13-27-47
2026-03-17_13-28-13,0,draft.go:2026-03-17_13-28-13
2026-03-17_13-28-53,0,draft.go:2026-03-17_13-28-53
2026-03-17_13-29-01,0,draft.go:2026-03-17_13-29-01
2026-03-17_13-29-43,0,draft.go:2026-03-17_13-29-43
2026-03-17_13-30-11,0,draft.go:2026-03-17_13-30-11
2026-03-17_13-31-45,0,draft.go:2026-03-17_13-31-45
2026-03-17_13-34-52,0,draft.go:2026-03-17_13-34-52
2026-03-17_13-35-24,100,draft.go:2026-03-17_13-35-24
