2026-03-17_14-00-55,0,draft.go:2026-03-17_14-00-55
2026-03-17_14-02-06,0,draft.go:2026-03-17_14-02-06
2026-03-17_14-02-13,0,draft.go:2026-03-17_14-02-13
2026-03-17_14-02-22,0,draft.go:2026-03-17_14-02-22
2026-03-17_14-04-55,0,draft.go:2026-03-17_14-02-22
2026-03-17_14-16-00,0,draft.go:2026-03-17_14-16-00
2026-03-17_14-16-05,0,draft.go:2026-03-17_14-16-05
2026-03-17_14-16-15,0,draft.go:2026-03-17_14-16-15
2026-03-17_14-32-18,0,draft.go:2026-03-17_14-32-18
2026-03-17_14-32-26,0,draft.go:2026-03-17_14-32-26
2026-03-17_14-32-46,0,draft.go:2026-03-17_14-32-46
2026-03-17_14-33-51,0,draft.go:2026-03-17_14-33-51
2026-03-17_14-35-41,0,draft.go:2026-03-17_14-35-41
2026-03-17_14-36-42,0,draft.go:2026-03-17_14-36-42
2026-03-17_14-37-08,0,draft.go:2026-03-17_14-37-08
2026-03-17_14-39-27,0,draft.go:2026-03-17_14-39-27
2026-03-17_14-39-39,25,draft.go:2026-03-17_14-39-39
2026-03-17_14-39-50,100,draft.go:2026-03-17_14-39-50
2026-03-17_14-41-01,100,draft.go:2026-03-17_14-39-50
2026-03-24_13-22-51,100,draft.go:2026-03-17_14-39-50
