2026-03-31_13-04-33,---,draft.go:2026-03-31_13-04-33
2026-03-31_13-04-50,---,draft.go:2026-03-31_13-04-33
2026-03-31_13-04-56,---,draft.go:2026-03-31_13-04-33
2026-03-31_13-13-28,0,draft.go:2026-03-31_13-13-28
2026-03-31_13-13-54,0,draft.go:2026-03-31_13-13-54
2026-03-31_13-14-40,0,draft.go:2026-03-31_13-14-40
2026-03-31_13-14-48,0,draft.go:2026-03-31_13-14-48
2026-03-31_13-15-11,0,draft.go:2026-03-31_13-15-11
2026-03-31_13-16-11,0,draft.go:2026-03-31_13-16-11
2026-03-31_13-16-33,0,draft.go:2026-03-31_13-16-33
2026-03-31_13-16-56,100,draft.go:2026-03-31_13-16-56
2026-03-31_13-17-33,100,draft.go:2026-03-31_13-16-56
