2026-04-27_13-31-15,---,main.go:2026-04-27_13-31-15
2026-04-27_13-47-46,0,main.go:2026-04-27_13-47-46
2026-04-27_13-56-12,0,main.go:2026-04-27_13-56-12
2026-04-27_13-57-17,18,main.go:2026-04-27_13-57-17
2026-04-27_14-03-21,0,main.go:2026-04-27_14-03-21
2026-04-27_14-03-43,18,main.go:2026-04-27_14-03-43
2026-04-27_14-09-14,18,main.go:2026-04-27_14-09-14
2026-04-27_14-10-10,27,main.go:2026-04-27_14-10-10
2026-04-27_14-11-08,36,main.go:2026-04-27_14-11-08
2026-04-27_14-11-16,27,main.go:2026-04-27_14-11-16
2026-04-27_14-11-30,36,main.go:2026-04-27_14-11-30
2026-04-27_14-13-02,45,main.go:2026-04-27_14-13-02
