2026-04-07_13-48-02,---,main.go:2026-04-07_13-48-02;pen.go:2026-04-07_13-48-02
2026-04-07_13-49-18,---,main.go:2026-04-07_13-48-02;pen.go:2026-04-07_13-48-02
2026-04-07_13-49-29,---,main.go:2026-04-07_13-48-02;pen.go:2026-04-07_13-48-02
2026-04-08_13-35-59,0,main.go:2026-04-08_13-35-59;pen.go:2026-04-07_13-48-02
2026-04-08_13-36-12,0,main.go:2026-04-08_13-35-59;pen.go:2026-04-07_13-48-02
2026-04-08_13-36-15,0,main.go:2026-04-08_13-35-59;pen.go:2026-04-07_13-48-02
2026-04-08_13-36-17,0,main.go:2026-04-08_13-35-59;pen.go:2026-04-07_13-48-02
2026-04-08_13-36-21,0,main.go:2026-04-08_13-35-59;pen.go:2026-04-07_13-48-02
2026-04-08_13-36-25,0,main.go:2026-04-08_13-35-59;pen.go:2026-04-07_13-48-02
2026-04-08_13-36-28,0,main.go:2026-04-08_13-35-59;pen.go:2026-04-07_13-48-02
2026-04-08_13-36-32,0,main.go:2026-04-08_13-35-59;pen.go:2026-04-07_13-48-02
2026-04-08_13-36-35,0,main.go:2026-04-08_13-35-59;pen.go:2026-04-07_13-48-02
2026-04-08_13-36-37,0,main.go:2026-04-08_13-35-59;pen.go:2026-04-07_13-48-02
2026-04-08_13-36-39,0,main.go:2026-04-08_13-35-59;pen.go:2026-04-07_13-48-02
2026-04-08_13-36-42,0,main.go:2026-04-08_13-35-59;pen.go:2026-04-07_13-48-02
2026-04-08_13-36-44,0,main.go:2026-04-08_13-35-59;pen.go:2026-04-07_13-48-02
2026-04-08_13-36-45,0,main.go:2026-04-08_13-35-59;pen.go:2026-04-07_13-48-02
2026-04-08_13-36-47,0,main.go:2026-04-08_13-35-59;pen.go:2026-04-07_13-48-02
2026-04-08_13-36-48,0,main.go:2026-04-08_13-35-59;pen.go:2026-04-07_13-48-02
2026-04-08_13-36-50,0,main.go:2026-04-08_13-35-59;pen.go:2026-04-07_13-48-02
2026-04-08_13-36-52,0,main.go:2026-04-08_13-35-59;pen.go:2026-04-07_13-48-02
2026-04-08_13-36-56,0,main.go:2026-04-08_13-35-59;pen.go:2026-04-07_13-48-02
2026-04-08_13-36-58,0,main.go:2026-04-08_13-35-59;pen.go:2026-04-07_13-48-02
2026-04-08_13-36-59,0,main.go:2026-04-08_13-35-59;pen.go:2026-04-07_13-48-02
2026-04-08_13-37-02,0,main.go:2026-04-08_13-35-59;pen.go:2026-04-07_13-48-02
2026-04-08_13-37-04,0,main.go:2026-04-08_13-35-59;pen.go:2026-04-07_13-48-02
2026-04-08_13-37-05,0,main.go:2026-04-08_13-35-59;pen.go:2026-04-07_13-48-02
2026-04-08_13-37-07,0,main.go:2026-04-08_13-35-59;pen.go:2026-04-07_13-48-02
2026-04-08_13-37-08,0,main.go:2026-04-08_13-35-59;pen.go:2026-04-07_13-48-02
2026-04-08_13-37-09,0,main.go:2026-04-08_13-35-59;pen.go:2026-04-07_13-48-02
2026-04-08_13-37-10,0,main.go:2026-04-08_13-35-59;pen.go:2026-04-07_13-48-02
2026-04-08_13-37-11,0,main.go:2026-04-08_13-35-59;pen.go:2026-04-07_13-48-02
2026-04-08_13-37-12,0,main.go:2026-04-08_13-35-59;pen.go:2026-04-07_13-48-02
2026-04-08_13-37-13,0,main.go:2026-04-08_13-35-59;pen.go:2026-04-07_13-48-02
2026-04-08_13-37-15,0,main.go:2026-04-08_13-35-59;pen.go:2026-04-07_13-48-02
2026-04-08_13-37-17,0,main.go:2026-04-08_13-35-59;pen.go:2026-04-07_13-48-02
2026-04-08_13-37-19,0,main.go:2026-04-08_13-35-59;pen.go:2026-04-07_13-48-02
2026-04-08_13-37-20,0,main.go:2026-04-08_13-35-59;pen.go:2026-04-07_13-48-02
2026-04-08_13-37-22,0,main.go:2026-04-08_13-35-59;pen.go:2026-04-07_13-48-02
2026-04-08_13-37-22,0,main.go:2026-04-08_13-35-59;pen.go:2026-04-07_13-48-02
2026-04-08_13-37-24,0,main.go:2026-04-08_13-35-59;pen.go:2026-04-07_13-48-02
2026-04-08_13-37-26,0,main.go:2026-04-08_13-35-59;pen.go:2026-04-07_13-48-02
2026-04-08_13-37-27,0,main.go:2026-04-08_13-35-59;pen.go:2026-04-07_13-48-02
2026-04-08_13-37-29,0,main.go:2026-04-08_13-35-59;pen.go:2026-04-07_13-48-02
2026-04-08_13-37-31,0,main.go:2026-04-08_13-35-59;pen.go:2026-04-07_13-48-02
2026-04-08_13-37-32,0,main.go:2026-04-08_13-35-59;pen.go:2026-04-07_13-48-02
2026-04-08_13-37-35,0,main.go:2026-04-08_13-35-59;pen.go:2026-04-07_13-48-02
2026-04-08_13-37-37,0,main.go:2026-04-08_13-35-59;pen.go:2026-04-07_13-48-02
2026-04-08_13-37-38,0,main.go:2026-04-08_13-35-59;pen.go:2026-04-07_13-48-02
2026-04-08_13-37-40,0,main.go:2026-04-08_13-35-59;pen.go:2026-04-07_13-48-02
2026-04-08_13-37-41,0,main.go:2026-04-08_13-35-59;pen.go:2026-04-07_13-48-02
2026-04-08_13-37-43,0,main.go:2026-04-08_13-35-59;pen.go:2026-04-07_13-48-02
2026-04-08_13-37-45,0,main.go:2026-04-08_13-35-59;pen.go:2026-04-07_13-48-02
2026-04-08_13-37-47,0,main.go:2026-04-08_13-35-59;pen.go:2026-04-07_13-48-02
2026-04-08_13-37-49,0,main.go:2026-04-08_13-35-59;pen.go:2026-04-07_13-48-02
2026-04-08_13-37-51,0,main.go:2026-04-08_13-35-59;pen.go:2026-04-07_13-48-02
2026-04-08_13-37-52,0,main.go:2026-04-08_13-35-59;pen.go:2026-04-07_13-48-02
2026-04-08_13-37-55,0,main.go:2026-04-08_13-35-59;pen.go:2026-04-07_13-48-02
2026-04-08_13-38-00,0,main.go:2026-04-08_13-35-59;pen.go:2026-04-07_13-48-02
2026-04-08_13-38-03,0,main.go:2026-04-08_13-35-59;pen.go:2026-04-07_13-48-02
2026-04-08_13-38-05,0,main.go:2026-04-08_13-35-59;pen.go:2026-04-07_13-48-02
2026-04-08_13-38-07,0,main.go:2026-04-08_13-35-59;pen.go:2026-04-07_13-48-02
2026-04-08_13-38-08,0,main.go:2026-04-08_13-35-59;pen.go:2026-04-07_13-48-02
2026-04-08_13-38-10,0,main.go:2026-04-08_13-35-59;pen.go:2026-04-07_13-48-02
2026-04-08_13-38-13,0,main.go:2026-04-08_13-35-59;pen.go:2026-04-07_13-48-02
2026-04-08_13-38-15,0,main.go:2026-04-08_13-35-59;pen.go:2026-04-07_13-48-02
2026-04-08_13-38-16,0,main.go:2026-04-08_13-35-59;pen.go:2026-04-07_13-48-02
2026-04-08_13-38-19,0,main.go:2026-04-08_13-35-59;pen.go:2026-04-07_13-48-02
2026-04-08_13-38-20,0,main.go:2026-04-08_13-35-59;pen.go:2026-04-07_13-48-02
2026-04-08_13-38-22,0,main.go:2026-04-08_13-35-59;pen.go:2026-04-07_13-48-02
