2026-03-31_13-18-45,---,shell.go:2026-03-31_13-18-45
2026-04-28_11-44-47,0,shell.go:2026-03-31_13-18-45
2026-04-28_11-46-17,0,shell.go:2026-03-31_13-18-45
2026-04-28_11-48-56,0,shell.go:2026-04-28_11-48-56
2026-04-28_11-51-07,14,shell.go:2026-04-28_11-51-07
2026-04-28_11-56-33,14,shell.go:2026-04-28_11-56-33
2026-04-28_11-56-39,0,shell.go:2026-04-28_11-56-39
2026-04-28_11-56-46,14,shell.go:2026-04-28_11-56-46
2026-04-28_11-57-26,14,shell.go:2026-04-28_11-57-26
2026-04-28_12-00-17,14,shell.go:2026-04-28_12-00-17
2026-04-28_12-00-29,28,shell.go:2026-04-28_12-00-29
2026-04-28_12-09-42,42,shell.go:2026-04-28_12-09-42
2026-04-28_12-16-54,0,shell.go:2026-04-28_12-16-54
2026-04-28_12-17-11,42,shell.go:2026-04-28_12-17-11
2026-04-28_12-17-20,42,shell.go:2026-04-28_12-17-20
2026-04-28_12-18-34,42,shell.go:2026-04-28_12-18-34
2026-04-28_12-19-11,42,shell.go:2026-04-28_12-19-11
2026-04-28_12-19-29,42,shell.go:2026-04-28_12-19-29
2026-04-28_12-20-11,57,shell.go:2026-04-28_12-20-11
2026-04-28_12-20-47,42,shell.go:2026-04-28_12-20-47
2026-04-28_12-22-14,42,shell.go:2026-04-28_12-22-14
2026-04-28_12-22-48,42,shell.go:2026-04-28_12-22-48
2026-04-28_12-23-55,42,shell.go:2026-04-28_12-23-55
2026-04-28_12-24-08,42,shell.go:2026-04-28_12-24-08
2026-04-28_12-24-17,57,shell.go:2026-04-28_12-24-17
2026-04-28_13-21-38,57,shell.go:2026-04-28_13-21-38
2026-04-28_13-24-49,71,shell.go:2026-04-28_13-24-49
2026-04-28_13-29-59,71,shell.go:2026-04-28_13-29-59
2026-04-28_13-30-15,71,shell.go:2026-04-28_13-30-15
2026-04-28_13-30-45,71,shell.go:2026-04-28_13-30-45
2026-04-28_13-31-11,71,shell.go:2026-04-28_13-31-11
2026-04-28_13-33-19,0,shell.go:2026-04-28_13-33-19
2026-04-28_13-33-29,71,shell.go:2026-04-28_13-33-29
2026-04-28_13-33-40,71,shell.go:2026-04-28_13-33-40
2026-04-28_13-35-26,71,shell.go:2026-04-28_13-35-26
2026-04-28_13-36-02,85,shell.go:2026-04-28_13-36-02
2026-04-28_13-39-41,85,shell.go:2026-04-28_13-39-41
2026-04-28_13-41-02,85,shell.go:2026-04-28_13-41-02
2026-04-28_13-41-24,85,shell.go:2026-04-28_13-41-24
2026-04-28_13-41-52,85,shell.go:2026-04-28_13-41-52
2026-04-28_13-44-11,0,shell.go:2026-04-28_13-44-11
2026-04-28_13-46-10,85,shell.go:2026-04-28_13-46-10
2026-04-28_13-46-32,85,shell.go:2026-04-28_13-46-32
2026-04-28_13-47-06,85,shell.go:2026-04-28_13-47-06
2026-04-28_13-47-34,100,shell.go:2026-04-28_13-47-34
