2026-03-17_13-15-48,---,draft.go:2026-03-17_13-15-48
2026-03-17_13-16-54,0,draft.go:2026-03-17_13-16-54
2026-03-17_13-16-54,0,draft.go:2026-03-17_13-16-54
2026-03-17_13-16-56,0,draft.go:2026-03-17_13-16-56
2026-03-17_13-17-49,0,draft.go:2026-03-17_13-17-49
2026-03-17_13-18-00,0,draft.go:2026-03-17_13-18-00
2026-03-17_13-19-28,0,draft.go:2026-03-17_13-18-00
2026-03-17_13-19-38,0,draft.go:2026-03-17_13-19-38
2026-03-17_13-19-45,0,draft.go:2026-03-17_13-19-45
2026-03-17_13-20-24,0,draft.go:2026-03-17_13-20-24
2026-03-17_13-22-31,0,draft.go:2026-03-17_13-22-31
2026-03-17_13-23-58,0,draft.go:2026-03-17_13-23-58
2026-03-17_13-24-37,0,draft.go:2026-03-17_13-24-37
2026-03-17_13-24-54,100,draft.go:2026-03-17_13-24-54
